{
    "loss": 0.6767086386680603,
    "accuracy": 0.9396551847457886
}