{
    "loss": 3.42203950881958,
    "accuracy": 0.7931034564971924
}